"ticker","status","market_cap","breakout_flag","image_path","expired_date","asset_type","candle_size","company_name"
"BND","SUCCESS","315.046821888",2,"BND_1d_min_support_bearish_latest_min_support_bearish.png","2024-02-22","ETF","1d","Vanguard Total Bond Market Index Fund"
"ADBE","SUCCESS","276.4206056839025",1,"ADBE_1d_avg_support_bearish.png","2024-02-22","STOCK","1d","Adobe Inc"
"KO","SUCCESS","258.6698627029954",2,"KO_1d_min_support_bearish_latest_min_support_bearish.png","2024-02-22","STOCK","1d","Coca-Cola Co"
"CMCSA","SUCCESS","176.49973745450592",1,"CMCSA_1d_avg_support_bearish.png","2024-02-22","STOCK","1d","Comcast Corp"
"BABA","SUCCESS","173.35715004002563",1,"BABA_1d_avg_support_bearish.png","2024-02-22","STOCK","1d","Alibaba Group Holding Ltd"
"NKE","SUCCESS","154.21958932073647",1,"NKE_1d_avg_resistance_bullish.png","2024-02-22","STOCK","1d","Nike Inc"
"BX","SUCCESS","144.03130073048357",1,"BX_1d_latest_max_resistance_bullish.png","2024-02-22","STOCK","1d","Blackstone Inc"
"SPGI","SUCCESS","140.00975654864794",1,"SPGI_1d_min_support_bearish.png","2024-02-22","STOCK","1d","S&P Global Inc"
"UPS","SUCCESS","133.65860944773544",1,"UPS_1d_max_resistance_bullish.png","2024-02-22","STOCK","1d","United Parcel Service Inc"
"LOW","SUCCESS","126.53052281851225",2,"LOW_1d_max_resistance_bullish_avg_resistance_bullish.png","2024-02-22","STOCK","1d","Lowe's Companies Inc"
"BKNG","SUCCESS","126.17956472761742",1,"BKNG_1d_max_resistance_bullish.png","2024-02-22","STOCK","1d","Booking Holdings Inc"
"ELV","SUCCESS","109.16436150126258",2,"ELV_1d_max_resistance_bullish_latest_max_resistance_bullish.png","2024-02-22","STOCK","1d","Elevance Health Inc"
"GILD","SUCCESS","108.76699676298506",1,"GILD_1d_avg_support_bearish.png","2024-02-22","STOCK","1d","Gilead Sciences Inc"
"MDLZ","SUCCESS","99.14125161710531",1,"MDLZ_1d_latest_min_support_bearish.png","2024-02-22","STOCK","1d","Mondelez International Inc"
"MU","SUCCESS","96.6030706019307",1,"MU_1d_min_support_bearish.png","2024-02-22","STOCK","1d","Micron Technology Inc"
"CVS","SUCCESS","94.22656602131835",1,"CVS_1d_avg_resistance_bullish.png","2024-02-22","STOCK","1d","CVS Health Corp"
"ABNB","SUCCESS","90.84941640827255",1,"ABNB_1d_avg_resistance_bullish.png","2024-02-22","STOCK","1d","Airbnb Inc"
"DUK","SUCCESS","73.64921347924056",1,"DUK_1d_latest_min_support_bearish.png","2024-02-22","STOCK","1d","Duke Energy Corp"
"NOC","SUCCESS","70.94490437202857",1,"NOC_1d_latest_max_resistance_bullish.png","2024-02-22","STOCK","1d","Northrop Grumman Corp"
"GLD","SUCCESS","58.2740992",1,"GLD_1d_latest_min_support_bearish.png","2024-02-22","ETF","1d","SPDR Gold Shares"
"ECL","SUCCESS","56.990893939760355",1,"ECL_1d_avg_resistance_bullish.png","2024-02-22","STOCK","1d","Ecolab Inc"
"APO","SUCCESS","56.153922234330494",1,"APO_1d_latest_max_resistance_bullish.png","2024-02-22","STOCK","1d","Apollo Global Management Inc"
"EMR","SUCCESS","54.10818885925672",2,"EMR_1d_max_resistance_bullish_avg_resistance_bullish.png","2024-02-22","STOCK","1d","Emerson Electric Co"
"MET","SUCCESS","50.99170700611016",1,"MET_1d_avg_resistance_bullish.png","2024-02-22","STOCK","1d","MetLife Inc"
"FTNT","SUCCESS","46.765694946433804",1,"FTNT_1d_max_resistance_bullish.png","2024-02-22","STOCK","1d","Fortinet Inc"
"SPG","SUCCESS","46.270536174",1,"SPG_1d_avg_resistance_bullish.png","2024-02-22","STOCK","1d","Simon Property Group Inc"
"F","SUCCESS","44.83308802038217",2,"F_1d_latest_max_resistance_bullish_avg_resistance_bullish.png","2024-02-22","STOCK","1d","Ford Motor Co"
"HES","SUCCESS","42.17904845411683",1,"HES_1d_avg_support_bearish.png","2024-02-22","STOCK","1d","Hess Corp"
"AEP","SUCCESS","40.8605617839821",2,"AEP_1d_latest_max_resistance_bullish_avg_resistance_bullish.png","2024-02-22","STOCK","1d","American Electric Power Company Inc"
"CNC","SUCCESS","39.61100252857377",2,"CNC_1d_max_resistance_bullish_avg_resistance_bullish.png","2024-02-22","STOCK","1d","Centene Corp"
"IBKR","SUCCESS","37.80085261200879",1,"IBKR_1d_latest_max_resistance_bullish.png","2024-02-22","STOCK","1d","Interactive Brokers Group Inc"
"YUM","SUCCESS","37.08478041221907",1,"YUM_1d_avg_resistance_bullish.png","2024-02-22","STOCK","1d","Yum! Brands Inc"
"LVS","SUCCESS","37.073307539452635",1,"LVS_1d_latest_max_resistance_bullish.png","2024-02-22","STOCK","1d","Las Vegas Sands Corp"
"JCI","SUCCESS","36.88571348754817",1,"JCI_1d_avg_resistance_bullish.png","2024-02-22","STOCK","1d","Johnson Controls International PLC"
"PLTR","SUCCESS","36.513107057543905",3,"PLTR_1d_max_resistance_bullish_latest_max_resistance_bullish_avg_resistance_bullish.png","2024-02-22","STOCK","1d","Palantir Technologies Inc"
"ROK","SUCCESS","34.76982870071264",1,"ROK_1d_latest_max_resistance_bullish.png","2024-02-22","STOCK","1d","Rockwell Automation Inc"
"GEHC","SUCCESS","33.73805577850272",1,"GEHC_1d_avg_resistance_bullish.png","2024-02-22","STOCK","1d","GE Healthcare Technologies Inc"
"TTD","SUCCESS","32.776365274458875",1,"TTD_1d_max_resistance_bullish.png","2024-02-22","STOCK","1d","Trade Desk Inc"
"RCL","SUCCESS","32.54185832547095",1,"RCL_1d_avg_support_bearish.png","2024-02-22","STOCK","1d","Royal Caribbean Cruises Ltd"
"CMI","SUCCESS","32.48933919409126",1,"CMI_1d_latest_max_resistance_bullish.png","2024-02-22","STOCK","1d","Cummins Inc"
"IR","SUCCESS","31.930384846696334",1,"IR_1d_latest_max_resistance_bullish.png","2024-02-22","STOCK","1d","Ingersoll Rand Inc"
"DD","SUCCESS","31.68553062743496",1,"DD_1d_max_resistance_bullish.png","2024-02-22","STOCK","1d","Dupont De Nemours Inc"
"VEEV","SUCCESS","30.99873312207536",1,"VEEV_1d_avg_resistance_bullish.png","2024-02-22","STOCK","1d","Veeva Systems Inc"
"CDW","SUCCESS","30.336665888244948",1,"CDW_1d_max_resistance_bullish.png","2024-02-22","STOCK","1d","CDW Corp"
"VMC","SUCCESS","30.04001712914712",1,"VMC_1d_avg_resistance_bullish.png","2024-02-22","STOCK","1d","Vulcan Materials Co"
"LSXMK","SUCCESS","27.99763998559464",1,"LSXMK_1d_latest_min_support_bearish.png","2024-02-22","STOCK","1d","Liberty Media Corp"
"TTWO","SUCCESS","27.738030062441506",2,"TTWO_1d_avg_support_bearish_min_support_bearish.png","2024-02-22","STOCK","1d","Take-Two Interactive Software Inc"
"NET","SUCCESS","27.315038394708825",3,"NET_1d_max_resistance_bullish_latest_max_resistance_bullish_avg_resistance_bullish.png","2024-02-22","STOCK","1d","Cloudflare Inc"
"FANG","SUCCESS","27.037461353618934",3,"FANG_1d_max_resistance_bullish_latest_max_resistance_bullish_avg_resistance_bullish.png","2024-02-22","STOCK","1d","Diamondback Energy Inc"
"BR","SUCCESS","24.104701784085773",1,"BR_1d_avg_support_bearish.png","2024-02-22","STOCK","1d","Broadridge Financial Solutions Inc"
"RJF","SUCCESS","23.40191067758557",1,"RJF_1d_avg_resistance_bullish.png","2024-02-22","STOCK","1d","Raymond James Financial Inc"
"TW","SUCCESS","22.992729404773538",1,"TW_1d_avg_resistance_bullish.png","2024-02-22","STOCK","1d","Tradeweb Markets Inc"
"ULTA","SUCCESS","22.948715525680736",1,"ULTA_1d_latest_max_resistance_bullish.png","2024-02-22","STOCK","1d","Ulta Beauty Inc"
"OWL","SUCCESS","21.75348426422782",1,"OWL_1d_latest_max_resistance_bullish.png","2024-02-22","STOCK","1d","Blue Owl Capital Inc"
"STE","SUCCESS","21.72121643279561",1,"STE_1d_latest_max_resistance_bullish.png","2024-02-22","STOCK","1d","STERIS plc"
"ARES","SUCCESS","21.60787065395683",1,"ARES_1d_avg_resistance_bullish.png","2024-02-22","STOCK","1d","Ares Management Corp"
"BRO","SUCCESS","21.29645675673985",2,"BRO_1d_latest_max_resistance_bullish_avg_resistance_bullish.png","2024-02-22","STOCK","1d","Brown & Brown Inc"
"FE","SUCCESS","21.236886813122066",1,"FE_1d_avg_resistance_bullish.png","2024-02-22","STOCK","1d","FirstEnergy Corp"
"SIRI","SUCCESS","20.807053677574626",1,"SIRI_1d_min_support_bearish.png","2024-02-22","STOCK","1d","Sirius XM Holdings Inc"
"FCNCA","SUCCESS","20.4510503511037",1,"FCNCA_1d_avg_support_bearish.png","2024-02-22","STOCK","1d","First Citizens BancShares Inc (Delaware)"
"FLT","SUCCESS","20.42365846221776",1,"FLT_1d_avg_support_bearish.png","2024-02-22","STOCK","1d","Fleetcor Technologies Inc"
"PPL","SUCCESS","19.172605600867335",1,"PPL_1d_avg_resistance_bullish.png","2024-02-22","STOCK","1d","PPL Corp"
"DT","SUCCESS","17.62443959022962",1,"DT_1d_avg_support_bearish.png","2024-02-22","STOCK","1d","Dynatrace Inc"
"LUV","SUCCESS","17.215811002292714",2,"LUV_1d_max_resistance_bullish_latest_max_resistance_bullish.png","2024-02-22","STOCK","1d","Southwest Airlines Co"
"SWKS","SUCCESS","16.96161438096289",1,"SWKS_1d_avg_resistance_bullish.png","2024-02-22","STOCK","1d","Skyworks Solutions Inc"
"J","SUCCESS","16.70788067850444",1,"J_1d_avg_resistance_bullish.png","2024-02-22","STOCK","1d","Jacobs Solutions Inc"
"AVY","SUCCESS","16.154575318591366",1,"AVY_1d_avg_resistance_bullish.png","2024-02-22","STOCK","1d","Avery Dennison Corp"
"SUI","SUCCESS","16.054679239",1,"SUI_1d_avg_resistance_bullish.png","2024-02-22","STOCK","1d","Sun Communities Inc"
"JBL","SUCCESS","15.890907365284859",2,"JBL_1d_max_resistance_bullish_latest_max_resistance_bullish.png","2024-02-22","STOCK","1d","Jabil Inc"
"IEX","SUCCESS","15.657512290437436",1,"IEX_1d_max_resistance_bullish.png","2024-02-22","STOCK","1d","IDEX Corp"
"MAS","SUCCESS","15.279530588369209",1,"MAS_1d_max_resistance_bullish.png","2024-02-22","STOCK","1d","Masco Corp"
"SNA","SUCCESS","15.14045905319575",1,"SNA_1d_avg_support_bearish.png","2024-02-22","STOCK","1d","Snap-On Inc"
"LDOS","SUCCESS","15.109206326224005",2,"LDOS_1d_max_resistance_bullish_latest_max_resistance_bullish.png","2024-02-22","STOCK","1d","Leidos Holdings Inc"
"WPC","SUCCESS","14.244285804",1,"WPC_1d_latest_min_support_bearish.png","2024-02-22","STOCK","1d","WP Carey Inc"
"ENPH","SUCCESS","14.14534175467223",1,"ENPH_1d_max_resistance_bullish.png","2024-02-22","STOCK","1d","Enphase Energy Inc"
"NWS","SUCCESS","13.95686461489695",2,"NWS_1d_max_resistance_bullish_avg_resistance_bullish.png","2024-02-22","STOCK","1d","News Corp"
"NWSA","SUCCESS","13.95686461489695",2,"NWSA_1d_max_resistance_bullish_avg_resistance_bullish.png","2024-02-22","STOCK","1d","News Corp"
"OC","SUCCESS","13.387234951345233",2,"OC_1d_avg_support_bearish_latest_min_support_bearish.png","2024-02-22","STOCK","1d","Owens Corning"
"KEY","SUCCESS","13.379158992999997",1,"KEY_1d_min_support_bearish.png","2024-02-22","STOCK","1d","KeyCorp"
"TRU","SUCCESS","13.35561521063533",3,"TRU_1d_max_resistance_bullish_latest_max_resistance_bullish_avg_resistance_bullish.png","2024-02-22","STOCK","1d","TransUnion"
"FNF","SUCCESS","13.303096162556017",1,"FNF_1d_avg_resistance_bullish.png","2024-02-22","STOCK","1d","Fidelity National Financial Inc"
"WSM","SUCCESS","12.943080281708722",1,"WSM_1d_avg_resistance_bullish.png","2024-02-22","STOCK","1d","Williams-Sonoma Inc"
"CPB","SUCCESS","12.863008409531",1,"CPB_1d_latest_min_support_bearish.png","2024-02-22","STOCK","1d","Campbell Soup Co"
"UAL","SUCCESS","12.733616466015087",1,"UAL_1d_avg_resistance_bullish.png","2024-02-22","STOCK","1d","United Airlines Holdings Inc"
"IP","SUCCESS","12.71267525352576",1,"IP_1d_max_resistance_bullish.png","2024-02-22","STOCK","1d","International Paper Co"
"ZG","SUCCESS","12.6112317711",1,"ZG_1d_latest_min_support_bearish.png","2024-02-22","STOCK","1d","Zillow Group Inc"
"PATH","SUCCESS","12.583919415166665",3,"PATH_1d_max_resistance_bullish_latest_max_resistance_bullish_avg_resistance_bullish.png","2024-02-22","STOCK","1d","UiPath Inc"
"TRMB","SUCCESS","12.4408662030334",1,"TRMB_1d_latest_max_resistance_bullish.png","2024-02-22","STOCK","1d","Trimble Inc"
"DINO","SUCCESS","12.197326368820324",1,"DINO_1d_latest_max_resistance_bullish.png","2024-02-22","STOCK","1d","HF Sinclair Corp"
"JKHY","SUCCESS","12.117883921587955",1,"JKHY_1d_avg_resistance_bullish.png","2024-02-22","STOCK","1d","Jack Henry & Associates Inc"
"CELH","SUCCESS","12.044784572001511",1,"CELH_1d_latest_max_resistance_bullish.png","2024-02-22","STOCK","1d","Celsius Holdings Inc"
"JNPR","SUCCESS","11.981378965288584",1,"JNPR_1d_latest_min_support_bearish.png","2024-02-22","STOCK","1d","Juniper Networks Inc"
"DKS","SUCCESS","11.97477055930311",1,"DKS_1d_latest_max_resistance_bullish.png","2024-02-22","STOCK","1d","DICK'S Sporting Goods Inc"
"NRG","SUCCESS","11.857147902969388",1,"NRG_1d_latest_min_support_bearish.png","2024-02-22","STOCK","1d","NRG Energy Inc"
"PNR","SUCCESS","11.79573313661573",1,"PNR_1d_avg_resistance_bullish.png","2024-02-22","STOCK","1d","Pentair PLC"
"GL","SUCCESS","11.464604513238383",1,"GL_1d_avg_resistance_bullish.png","2024-02-22","STOCK","1d","Globe Life Inc"
"OVV","SUCCESS","11.164437168772954",2,"OVV_1d_max_resistance_bullish_latest_max_resistance_bullish.png","2024-02-22","STOCK","1d","Ovintiv Inc"
"CCK","SUCCESS","10.935389157986783",1,"CCK_1d_avg_support_bearish.png","2024-02-22","STOCK","1d","Crown Holdings Inc"
"X","SUCCESS","10.672550608269756",1,"X_1d_latest_min_support_bearish.png","2024-02-22","STOCK","1d","United States Steel Corp"
"WYNN","SUCCESS","10.642900607658556",1,"WYNN_1d_latest_max_resistance_bullish.png","2024-02-22","STOCK","1d","Wynn Resorts Ltd"
"CDAY","SUCCESS","10.479244860951319",1,"CDAY_1d_avg_resistance_bullish.png","2024-02-22","STOCK","1d","Ceridian HCM Holding Inc"
"WMS","SUCCESS","10.450556907515558",2,"WMS_1d_max_resistance_bullish_avg_resistance_bullish.png","2024-02-22","STOCK","1d","Advanced Drainage Systems Inc"
"FIVE","SUCCESS","10.305593925824653",1,"FIVE_1d_latest_max_resistance_bullish.png","2024-02-22","STOCK","1d","Five Below Inc"
"EME","SUCCESS","10.297087041513572",1,"EME_1d_avg_resistance_bullish.png","2024-02-22","STOCK","1d","EMCOR Group Inc"
"QRVO","SUCCESS","10.275817938587782",1,"QRVO_1d_latest_max_resistance_bullish.png","2024-02-22","STOCK","1d","Qorvo Inc"
"HII","SUCCESS","10.178341568476997",1,"HII_1d_latest_max_resistance_bullish.png","2024-02-22","STOCK","1d","Huntington Ingalls Industries Inc"
"XPO","SUCCESS","9.847281933380945",2,"XPO_1d_max_resistance_bullish_avg_resistance_bullish.png","2024-02-22","STOCK","1d","XPO Inc"
"TTC","SUCCESS","9.640565689782942",1,"TTC_1d_latest_max_resistance_bullish.png","2024-02-22","STOCK","1d","Toro Co"
"DVA","SUCCESS","9.56458865195484",1,"DVA_1d_max_resistance_bullish.png","2024-02-22","STOCK","1d","DaVita Inc"
"LSCC","SUCCESS","9.449422511743897",2,"LSCC_1d_latest_max_resistance_bullish_avg_resistance_bullish.png","2024-02-22","STOCK","1d","Lattice Semiconductor Corp"
"TOST","SUCCESS","9.367173570469506",1,"TOST_1d_avg_resistance_bullish.png","2024-02-22","STOCK","1d","Toast Inc"
"RRX","SUCCESS","9.27896435030812",2,"RRX_1d_max_resistance_bullish_avg_resistance_bullish.png","2024-02-22","STOCK","1d","Regal Rexnord Corp"
"HOOD","SUCCESS","9.26181465589316",2,"HOOD_1d_max_resistance_bullish_latest_max_resistance_bullish.png","2024-02-22","STOCK","1d","Robinhood Markets Inc"
"MEDP","SUCCESS","9.073091517300357",2,"MEDP_1d_latest_max_resistance_bullish_avg_resistance_bullish.png","2024-02-22","STOCK","1d","Medpace Holdings Inc"
"RL","SUCCESS","9.015613139580871",2,"RL_1d_max_resistance_bullish_latest_max_resistance_bullish.png","2024-02-22","STOCK","1d","Ralph Lauren Corp"
"CVNA","SUCCESS","8.968249507676004",1,"CVNA_1d_max_resistance_bullish.png","2024-02-22","STOCK","1d","Carvana Co"
"TREX","SUCCESS","8.93740022996185",1,"TREX_1d_avg_resistance_bullish.png","2024-02-22","STOCK","1d","Trex Company Inc"
"AGCO","SUCCESS","8.810373016604107",2,"AGCO_1d_min_support_bearish_latest_min_support_bearish.png","2024-02-22","STOCK","1d","AGCO Corp"
"BJ","SUCCESS","8.761797234276186",2,"BJ_1d_latest_max_resistance_bullish_avg_resistance_bullish.png","2024-02-22","STOCK","1d","BJ's Wholesale Club Holdings Inc"
"TTEK","SUCCESS","8.71238324640434",3,"TTEK_1d_max_resistance_bullish_latest_max_resistance_bullish_avg_resistance_bullish.png","2024-02-22","STOCK","1d","Tetra Tech Inc"
"WEX","SUCCESS","8.613710626423774",1,"WEX_1d_avg_resistance_bullish.png","2024-02-22","STOCK","1d","WEX Inc"
"CW","SUCCESS","8.51899653918953",1,"CW_1d_latest_max_resistance_bullish.png","2024-02-22","STOCK","1d","Curtiss-Wright Corp"
"CNM","SUCCESS","8.464305537244314",1,"CNM_1d_max_resistance_bullish.png","2024-02-22","STOCK","1d","Core & Main Inc"
"ORI","SUCCESS","8.400115588072557",1,"ORI_1d_latest_max_resistance_bullish.png","2024-02-22","STOCK","1d","Old Republic International Corp"
"FRT","SUCCESS","8.150181477",1,"FRT_1d_avg_resistance_bullish.png","2024-02-22","STOCK","1d","Federal Realty Investment Trust"
"ATR","SUCCESS","8.131879813420129",1,"ATR_1d_avg_resistance_bullish.png","2024-02-22","STOCK","1d","Aptargroup Inc"
"COKE","SUCCESS","8.048624292758792",1,"COKE_1d_latest_min_support_bearish.png","2024-02-22","STOCK","1d","Coca-Cola Consolidated Inc"
"MSTR","SUCCESS","8.039331806775586",2,"MSTR_1d_latest_max_resistance_bullish_avg_resistance_bullish.png","2024-02-22","STOCK","1d","Microstrategy Inc"
"RMBS","SUCCESS","7.8718265282451565",3,"RMBS_1d_avg_support_bearish_min_support_bearish_hns_line_1_hns.png","2024-02-22","STOCK","1d","Rambus Inc"
"NYT","SUCCESS","7.854065716473807",1,"NYT_1d_avg_support_bearish.png","2024-02-22","STOCK","1d","New York Times Co"
"BERY","SUCCESS","7.767087186421797",1,"BERY_1d_avg_support_bearish.png","2024-02-22","STOCK","1d","Berry Global Group Inc"
"CERE","SUCCESS","7.662547224420667",1,"CERE_1d_latest_max_resistance_bullish.png","2024-02-22","STOCK","1d","Cerevel Therapeutics Holdings Inc"
"NCLH","SUCCESS","7.555546798081096",1,"NCLH_1d_latest_min_support_bearish.png","2024-02-22","STOCK","1d","Norwegian Cruise Line Holdings Ltd"
"VOYA","SUCCESS","7.507070841176902",1,"VOYA_1d_hns_line_1_hns.png","2024-02-22","STOCK","1d","Voya Financial Inc"
"CACI","SUCCESS","7.481631030780587",1,"CACI_1d_avg_resistance_bullish.png","2024-02-22","STOCK","1d","CACI International Inc"
"ACHC","SUCCESS","7.170753207547094",2,"ACHC_1d_max_resistance_bullish_avg_resistance_bullish.png","2024-02-22","STOCK","1d","Acadia Healthcare Company Inc"
"FR","SUCCESS","7.099481799",2,"FR_1d_max_resistance_bullish_latest_max_resistance_bullish.png","2024-02-22","STOCK","1d","First Industrial Realty Trust Inc"
"EHC","SUCCESS","7.062966755073385",1,"EHC_1d_avg_resistance_bullish.png","2024-02-22","STOCK","1d","Encompass Health Corp"
"COHR","SUCCESS","6.993939120671768",1,"COHR_1d_latest_max_resistance_bullish.png","2024-02-22","STOCK","1d","Coherent Corp"
"EXEL","SUCCESS","6.990698385770992",1,"EXEL_1d_latest_min_support_bearish.png","2024-02-22","STOCK","1d","Exelixis Inc"
"PSN","SUCCESS","6.9289634642802715",1,"PSN_1d_latest_max_resistance_bullish.png","2024-02-22","STOCK","1d","Parsons Corp"
"CFLT","SUCCESS","6.770173173997209",2,"CFLT_1d_latest_max_resistance_bullish_avg_resistance_bullish.png","2024-02-22","STOCK","1d","Confluent Inc"
"FLR","SUCCESS","6.6735920523353585",2,"FLR_1d_latest_max_resistance_bullish_avg_resistance_bullish.png","2024-02-22","STOCK","1d","Fluor Corp"
"PPC","SUCCESS","6.604070713789901",1,"PPC_1d_avg_resistance_bullish.png","2024-02-22","STOCK","1d","Pilgrims Pride Corp"
"RLI","SUCCESS","6.579235973746459",1,"RLI_1d_avg_resistance_bullish.png","2024-02-22","STOCK","1d","Rli Corp"
"APPF","SUCCESS","6.451095741474674",1,"APPF_1d_avg_resistance_bullish.png","2024-02-22","STOCK","1d","Appfolio Inc"
"INSP","SUCCESS","5.933476187863587",1,"INSP_1d_latest_min_support_bearish.png","2024-02-22","STOCK","1d","Inspire Medical Systems Inc"
"CMC","SUCCESS","5.807752555968128",1,"CMC_1d_avg_resistance_bullish.png","2024-02-22","STOCK","1d","Commercial Metals Co"
"OPCH","SUCCESS","5.673490406093663",1,"OPCH_1d_latest_max_resistance_bullish.png","2024-02-22","STOCK","1d","Option Care Health Inc"
"RRR","SUCCESS","5.637809695441307",1,"RRR_1d_latest_max_resistance_bullish.png","2024-02-22","STOCK","1d","Red Rock Resorts Inc"
"REYN","SUCCESS","5.636647680077093",1,"REYN_1d_max_resistance_bullish.png","2024-02-22","STOCK","1d","Reynolds Consumer Products Inc"
"ESI","SUCCESS","5.550045049625391",1,"ESI_1d_avg_resistance_bullish.png","2024-02-22","STOCK","1d","Element Solutions Inc"
"TENB","SUCCESS","5.542715844698386",1,"TENB_1d_max_resistance_bullish.png","2024-02-22","STOCK","1d","Tenable Holdings Inc"
"AZEK","SUCCESS","5.528389086363049",1,"AZEK_1d_max_resistance_bullish.png","2024-02-22","STOCK","1d","Azek Company Inc"
"TRNO","SUCCESS","5.23842545",1,"TRNO_1d_avg_resistance_bullish.png","2024-02-22","STOCK","1d","Terreno Realty Corp"
"PBF","SUCCESS","5.22043254407214",1,"PBF_1d_avg_resistance_bullish.png","2024-02-22","STOCK","1d","PBF Energy Inc"
"RITM","SUCCESS","5.155893953",1,"RITM_1d_avg_support_bearish.png","2024-02-22","STOCK","1d","Rithm Capital Corp"
"STNE","SUCCESS","5.108218464100116",1,"STNE_1d_latest_min_support_bearish.png","2024-02-22","STOCK","1d","StoneCo Ltd"
"ALK","SUCCESS","5.003033814459919",1,"ALK_1d_avg_resistance_bullish.png","2024-02-22","STOCK","1d","Alaska Air Group Inc"
"FLO","SUCCESS","4.752316145591192",1,"FLO_1d_latest_min_support_bearish.png","2024-02-22","STOCK","1d","Flowers Foods Inc"
"VVV","SUCCESS","4.702933131538294",1,"VVV_1d_latest_max_resistance_bullish.png","2024-02-22","STOCK","1d","Valvoline Inc"
"IRDM","SUCCESS","4.614671794209449",1,"IRDM_1d_max_resistance_bullish.png","2024-02-22","STOCK","1d","Iridium Communications Inc"
"OLLI","SUCCESS","4.6052545144406585",1,"OLLI_1d_latest_max_resistance_bullish.png","2024-02-22","STOCK","1d","Ollie's Bargain Outlet Holdings Inc"
"SRCL","SUCCESS","4.490160113750158",1,"SRCL_1d_avg_resistance_bullish.png","2024-02-22","STOCK","1d","Stericycle Inc"
"BMI","SUCCESS","4.452800956919329",1,"BMI_1d_latest_max_resistance_bullish.png","2024-02-22","STOCK","1d","Badger Meter Inc"
"GME","SUCCESS","4.433012665617216",1,"GME_1d_avg_resistance_bullish.png","2024-02-22","STOCK","1d","GameStop Corp"
"FIZZ","SUCCESS","4.389458908164111",1,"FIZZ_1d_latest_max_resistance_bullish.png","2024-02-22","STOCK","1d","National Beverage Corp"
"NSP","SUCCESS","4.370036121097614",1,"NSP_1d_avg_support_bearish.png","2024-02-22","STOCK","1d","Insperity Inc"
"SGRY","SUCCESS","4.3158897151418385",1,"SGRY_1d_max_resistance_bullish.png","2024-02-22","STOCK","1d","Surgery Partners Inc"
"COOP","SUCCESS","4.309901068000001",3,"COOP_1d_max_resistance_bullish_latest_max_resistance_bullish_avg_resistance_bullish.png","2024-02-22","STOCK","1d","Mr Cooper Group Inc"
"ACLS","SUCCESS","4.247018030961922",1,"ACLS_1d_latest_min_support_bearish.png","2024-02-22","STOCK","1d","Axcelis Technologies Inc"
"WTM","SUCCESS","4.194020199196042",1,"WTM_1d_latest_max_resistance_bullish.png","2024-02-22","STOCK","1d","White Mountains Insurance Group Ltd"
"MATX","SUCCESS","4.178211475282641",2,"MATX_1d_latest_max_resistance_bullish_avg_resistance_bullish.png","2024-02-22","STOCK","1d","Matson Inc"
"CBT","SUCCESS","4.136011341356636",2,"CBT_1d_latest_max_resistance_bullish_avg_resistance_bullish.png","2024-02-22","STOCK","1d","Cabot Corp"
"SMPL","SUCCESS","4.130241730023675",1,"SMPL_1d_avg_support_bearish.png","2024-02-22","STOCK","1d","Simply Good Foods Co"
"ENS","SUCCESS","4.078696392173255",1,"ENS_1d_avg_support_bearish.png","2024-02-22","STOCK","1d","EnerSys"
"INSM","SUCCESS","4.0057376855133615",2,"INSM_1d_avg_support_bearish_latest_min_support_bearish.png","2024-02-22","STOCK","1d","Insmed Inc"
"AEO","SUCCESS","3.9942253880967424",1,"AEO_1d_avg_resistance_bullish.png","2024-02-22","STOCK","1d","American Eagle Outfitters Inc"
"WEN","SUCCESS","3.9581182148006233",1,"WEN_1d_avg_resistance_bullish.png","2024-02-22","STOCK","1d","Wendys Co"
"MDU","SUCCESS","3.8711655473108535",2,"MDU_1d_latest_max_resistance_bullish_avg_resistance_bullish.png","2024-02-22","STOCK","1d","MDU Resources Group Inc"
"CRC","SUCCESS","3.7521333124069898",1,"CRC_1d_latest_max_resistance_bullish.png","2024-02-22","STOCK","1d","California Resources Corp"
"URBN","SUCCESS","3.6983841068749044",1,"URBN_1d_latest_max_resistance_bullish.png","2024-02-22","STOCK","1d","Urban Outfitters Inc"
"LITE","SUCCESS","3.604600125258376",1,"LITE_1d_latest_min_support_bearish.png","2024-02-22","STOCK","1d","Lumentum Holdings Inc"
"MARA","SUCCESS","3.5909421664088357",3,"MARA_1d_max_resistance_bullish_latest_max_resistance_bullish_avg_resistance_bullish.png","2024-02-22","STOCK","1d","Marathon Digital Holdings Inc"
"FOLD","SUCCESS","3.5277464906690823",1,"FOLD_1d_avg_resistance_bullish.png","2024-02-22","STOCK","1d","Amicus Therapeutics Inc"
"EVH","SUCCESS","3.47293214013941",1,"EVH_1d_latest_max_resistance_bullish.png","2024-02-22","STOCK","1d","Evolent Health Inc"
"CVLT","SUCCESS","3.460479602003834",1,"CVLT_1d_latest_min_support_bearish.png","2024-02-22","STOCK","1d","Commvault Systems Inc"
"AYX","SUCCESS","3.433256744591226",2,"AYX_1d_max_resistance_bullish_latest_max_resistance_bullish.png","2024-02-22","STOCK","1d","Alteryx Inc"
"CORT","SUCCESS","3.376945176",1,"CORT_1d_latest_max_resistance_bullish.png","2024-02-22","STOCK","1d","Corcept Therapeutics Inc"
"TDOC","SUCCESS","3.350880059933501",1,"TDOC_1d_avg_resistance_bullish.png","2024-02-22","STOCK","1d","Teladoc Health Inc"
"RPD","SUCCESS","3.3500889453211813",1,"RPD_1d_avg_resistance_bullish.png","2024-02-22","STOCK","1d","Rapid7 Inc"
"SMG","SUCCESS","3.336131119357424",1,"SMG_1d_avg_resistance_bullish.png","2024-02-22","STOCK","1d","Scotts Miracle-Gro Co"
"CRDO","SUCCESS","3.319812143789474",1,"CRDO_1d_avg_resistance_bullish.png","2024-02-22","STOCK","1d","Credo Technology Group Holding Ltd"
"MAC","SUCCESS","3.289893592",1,"MAC_1d_latest_max_resistance_bullish.png","2024-02-22","STOCK","1d","Macerich Co"
"UAA","SUCCESS","3.2367293946693336",1,"UAA_1d_avg_resistance_bullish.png","2024-02-22","STOCK","1d","Under Armour Inc"
"RNG","SUCCESS","3.228649113417313",1,"RNG_1d_min_support_bearish.png","2024-02-22","STOCK","1d","RingCentral Inc"
"NNI","SUCCESS","3.219533293151804",3,"NNI_1d_max_resistance_bullish_latest_max_resistance_bullish_avg_resistance_bullish.png","2024-02-22","STOCK","1d","Nelnet Inc"
"QS","SUCCESS","3.206625890718608",2,"QS_1d_max_resistance_bullish_latest_max_resistance_bullish.png","2024-02-22","STOCK","1d","Quantumscape Corp"
"SPR","SUCCESS","3.162854966226804",1,"SPR_1d_latest_max_resistance_bullish.png","2024-02-22","STOCK","1d","Spirit AeroSystems Holdings Inc"
"SBRA","SUCCESS","3.107590157",1,"SBRA_1d_latest_max_resistance_bullish.png","2024-02-22","STOCK","1d","Sabra Health Care REIT Inc"
"ALRM","SUCCESS","3.0782479065303354",2,"ALRM_1d_latest_max_resistance_bullish_avg_resistance_bullish.png","2024-02-22","STOCK","1d","Alarm.com Holdings Inc"
"BDC","SUCCESS","3.0598470109362395",2,"BDC_1d_latest_max_resistance_bullish_avg_resistance_bullish.png","2024-02-22","STOCK","1d","Belden Inc"
"LEG","SUCCESS","3.0463488185901295",1,"LEG_1d_avg_support_bearish.png","2024-02-22","STOCK","1d","Leggett & Platt Inc"
"MPW","SUCCESS","3.042919954",1,"MPW_1d_latest_max_resistance_bullish.png","2024-02-22","STOCK","1d","Medical Properties Trust Inc"
"KLIC","SUCCESS","3.02765612387752",1,"KLIC_1d_max_resistance_bullish.png","2024-02-22","STOCK","1d","Kulicke and Soffa Industries Inc"
"CVI","SUCCESS","3.015917952541232",1,"CVI_1d_avg_resistance_bullish.png","2024-02-22","STOCK","1d","CVR Energy Inc"
"VSAT","SUCCESS","2.9632729699120968",1,"VSAT_1d_min_support_bearish.png","2024-02-22","STOCK","1d","Viasat Inc"
"PBH","SUCCESS","2.953794429280803",2,"PBH_1d_max_resistance_bullish_latest_max_resistance_bullish.png","2024-02-22","STOCK","1d","Prestige Consumer Healthcare Inc"
"GSHD","SUCCESS","2.870158196309647",2,"GSHD_1d_latest_max_resistance_bullish_avg_resistance_bullish.png","2024-02-22","STOCK","1d","Goosehead Insurance Inc"
"BRP","SUCCESS","2.8056358314819616",1,"BRP_1d_avg_resistance_bullish.png","2024-02-22","STOCK","1d","BRP Group Inc"
"AMN","SUCCESS","2.8035762074707167",2,"AMN_1d_max_resistance_bullish_avg_resistance_bullish.png","2024-02-22","STOCK","1d","AMN Healthcare Services Inc"
"PLTK","SUCCESS","2.7248286375013695",1,"PLTK_1d_latest_max_resistance_bullish.png","2024-02-22","STOCK","1d","Playtika Holding Corp"
"LRN","SUCCESS","2.6717456133055872",1,"LRN_1d_avg_resistance_bullish.png","2024-02-22","STOCK","1d","Stride Inc"
"CERT","SUCCESS","2.578296492388994",1,"CERT_1d_max_resistance_bullish.png","2024-02-22","STOCK","1d","Certara Inc"
"CTRE","SUCCESS","2.572821377",1,"CTRE_1d_latest_max_resistance_bullish.png","2024-02-22","STOCK","1d","CareTrust REIT Inc"
"GO","SUCCESS","2.57107323610746",1,"GO_1d_latest_max_resistance_bullish.png","2024-02-22","STOCK","1d","Grocery Outlet Holding Corp"
"DNA","SUCCESS","2.5633082008898307",1,"DNA_1d_latest_max_resistance_bullish.png","2024-02-22","STOCK","1d","Ginkgo Bioworks Holdings Inc"
"ARRY","SUCCESS","2.54043708301931",1,"ARRY_1d_max_resistance_bullish.png","2024-02-22","STOCK","1d","Array Technologies Inc"
"HASI","SUCCESS","2.527515544",1,"HASI_1d_avg_resistance_bullish.png","2024-02-22","STOCK","1d","Hannon Armstrong Sustainable Infrastructure Capital Inc"
"PRGS","SUCCESS","2.5226514260353623",1,"PRGS_1d_latest_min_support_bearish.png","2024-02-22","STOCK","1d","Progress Software Corp"
"REZI","SUCCESS","2.4908002101017965",1,"REZI_1d_avg_resistance_bullish.png","2024-02-22","STOCK","1d","Resideo Technologies Inc"
"MTRN","SUCCESS","2.4744041070635583",1,"MTRN_1d_avg_resistance_bullish.png","2024-02-22","STOCK","1d","Materion Corp"
"ICFI","SUCCESS","2.458618034848401",3,"ICFI_1d_max_resistance_bullish_latest_max_resistance_bullish_avg_resistance_bullish.png","2024-02-22","STOCK","1d","ICF International Inc"
"FLYW","SUCCESS","2.401552716039534",1,"FLYW_1d_latest_max_resistance_bullish.png","2024-02-22","STOCK","1d","Flywire Corp"
"PGTI","SUCCESS","2.395816163599806",1,"PGTI_1d_latest_min_support_bearish.png","2024-02-22","STOCK","1d","PGT Innovations Inc"
"DNLI","SUCCESS","2.3617839034590555",2,"DNLI_1d_max_resistance_bullish_latest_max_resistance_bullish.png","2024-02-22","STOCK","1d","Denali Therapeutics Inc"
"APPN","SUCCESS","2.3586899249440645",1,"APPN_1d_max_resistance_bullish.png","2024-02-22","STOCK","1d","Appian Corp"
"CENT","SUCCESS","2.3226276443111487",1,"CENT_1d_avg_resistance_bullish.png","2024-02-22","STOCK","1d","Central Garden & Pet Co"
"CENTA","SUCCESS","2.3226276443111487",2,"CENTA_1d_max_resistance_bullish_avg_resistance_bullish.png","2024-02-22","STOCK","1d","Central Garden & Pet Co"
"OI","SUCCESS","2.32090924352861",1,"OI_1d_avg_resistance_bullish.png","2024-02-22","STOCK","1d","O-I Glass Inc"
"HIW","SUCCESS","2.303056236",1,"HIW_1d_avg_resistance_bullish.png","2024-02-22","STOCK","1d","Highwoods Properties Inc"
"ICUI","SUCCESS","2.2778575923993283",2,"ICUI_1d_max_resistance_bullish_avg_resistance_bullish.png","2024-02-22","STOCK","1d","ICU Medical Inc"
"VIAV","SUCCESS","2.2550810543164177",1,"VIAV_1d_avg_resistance_bullish.png","2024-02-22","STOCK","1d","Viavi Solutions Inc"
"SHLS","SUCCESS","2.239802537983533",2,"SHLS_1d_latest_max_resistance_bullish_avg_resistance_bullish.png","2024-02-22","STOCK","1d","Shoals Technologies Group Inc"
"MWA","SUCCESS","2.198057782594982",2,"MWA_1d_max_resistance_bullish_avg_resistance_bullish.png","2024-02-22","STOCK","1d","Mueller Water Products Inc"
"AMBP","SUCCESS","2.1871754249749307",1,"AMBP_1d_avg_resistance_bullish.png","2024-02-22","STOCK","1d","Ardagh Metal Packaging SA"
"BOOT","SUCCESS","2.177103700771376",1,"BOOT_1d_avg_resistance_bullish.png","2024-02-22","STOCK","1d","Boot Barn Holdings Inc"
"AVDX","SUCCESS","2.1614902132931197",1,"AVDX_1d_avg_resistance_bullish.png","2024-02-22","STOCK","1d","Avidxchange Holdings Inc"
"CWH","SUCCESS","2.155017105123133",2,"CWH_1d_latest_max_resistance_bullish_avg_resistance_bullish.png","2024-02-22","STOCK","1d","Camping World Holdings Inc"
"RIOT","SUCCESS","2.1250437239970954",2,"RIOT_1d_latest_max_resistance_bullish_avg_resistance_bullish.png","2024-02-22","STOCK","1d","Riot Platforms Inc"
"AMEH","SUCCESS","2.053913682917457",1,"AMEH_1d_avg_resistance_bullish.png","2024-02-22","STOCK","1d","Apollo Medical Holdings Inc"
"PARR","SUCCESS","2.037024220387615",1,"PARR_1d_avg_resistance_bullish.png","2024-02-22","STOCK","1d","Par Pacific Holdings Inc"
"DOOR","SUCCESS","2.018175388908039",1,"DOOR_1d_avg_resistance_bullish.png","2024-02-22","STOCK","1d","Masonite International Corp"
"BEAM","SUCCESS","1.9308308980490196",1,"BEAM_1d_max_resistance_bullish.png","2024-02-22","STOCK","1d","Beam Therapeutics Inc"
"ODP","SUCCESS","1.9178691424743892",1,"ODP_1d_max_resistance_bullish.png","2024-02-22","STOCK","1d","ODP Corp"
"XPRO","SUCCESS","1.8924917492789035",1,"XPRO_1d_avg_resistance_bullish.png","2024-02-22","STOCK","1d","Expro Group Holdings NV"
"HRMY","SUCCESS","1.8543877892136593",1,"HRMY_1d_max_resistance_bullish.png","2024-02-22","STOCK","1d","Harmony Biosciences Holdings Inc"
"MLKN","SUCCESS","1.8524965109012053",1,"MLKN_1d_avg_resistance_bullish.png","2024-02-22","STOCK","1d","MillerKnoll Inc"
"MXL","SUCCESS","1.8065694544716013",1,"MXL_1d_avg_resistance_bullish.png","2024-02-22","STOCK","1d","Maxlinear Inc"
"SXI","SUCCESS","1.7921956299597819",2,"SXI_1d_max_resistance_bullish_latest_max_resistance_bullish.png","2024-02-22","STOCK","1d","Standex International Corp"
"MLNK","SUCCESS","1.7845705297360248",1,"MLNK_1d_avg_support_bearish.png","2024-02-22","STOCK","1d","MeridianLink Inc"
"PRIM","SUCCESS","1.7774351926290326",2,"PRIM_1d_latest_max_resistance_bullish_avg_resistance_bullish.png","2024-02-22","STOCK","1d","Primoris Services Corp"
"HIMS","SUCCESS","1.763786048456057",2,"HIMS_1d_max_resistance_bullish_latest_max_resistance_bullish.png","2024-02-22","STOCK","1d","Hims & Hers Health Inc"
"TFIN","SUCCESS","1.7596888122756797",1,"TFIN_1d_max_resistance_bullish.png","2024-02-22","STOCK","1d","Triumph Financial Inc"
"VECO","SUCCESS","1.7482841646574072",2,"VECO_1d_latest_max_resistance_bullish_avg_resistance_bullish.png","2024-02-22","STOCK","1d","Veeco Instruments Inc"
"CNK","SUCCESS","1.7329860765829692",1,"CNK_1d_latest_max_resistance_bullish.png","2024-02-22","STOCK","1d","Cinemark Holdings Inc"
"SAH","SUCCESS","1.7221197214093569",2,"SAH_1d_max_resistance_bullish_avg_resistance_bullish.png","2024-02-22","STOCK","1d","Sonic Automotive Inc"
"HPK","SUCCESS","1.7002930502722435",2,"HPK_1d_max_resistance_bullish_avg_resistance_bullish.png","2024-02-22","STOCK","1d","Highpeak Energy Inc"
"JBLU","SUCCESS","1.663113702847525",1,"JBLU_1d_max_resistance_bullish.png","2024-02-22","STOCK","1d","JetBlue Airways Corp"
"ENVA","SUCCESS","1.6630928659298245",2,"ENVA_1d_max_resistance_bullish_avg_resistance_bullish.png","2024-02-22","STOCK","1d","Enova International Inc"
"WMK","SUCCESS","1.617134406186",1,"WMK_1d_avg_resistance_bullish.png","2024-02-22","STOCK","1d","Weis Markets Inc"
"IESC","SUCCESS","1.5997860821184833",1,"IESC_1d_avg_resistance_bullish.png","2024-02-22","STOCK","1d","IES Holdings Inc"
"DHT","SUCCESS","1.5956293963993902",2,"DHT_1d_latest_max_resistance_bullish_avg_resistance_bullish.png","2024-02-22","STOCK","1d","DHT Holdings Inc"
"IMKTA","SUCCESS","1.5632099665103736",1,"IMKTA_1d_avg_support_bearish.png","2024-02-22","STOCK","1d","Ingles Markets Inc"
"PLMR","SUCCESS","1.5457062915316044",1,"PLMR_1d_max_resistance_bullish.png","2024-02-22","STOCK","1d","Palomar Holdings Inc"
"LZB","SUCCESS","1.4921495720185616",1,"LZB_1d_avg_resistance_bullish.png","2024-02-22","STOCK","1d","La-Z-Boy Inc"
"BFH","SUCCESS","1.4902781668838314",1,"BFH_1d_avg_resistance_bullish.png","2024-02-22","STOCK","1d","Bread Financial Holdings Inc"
"OMI","SUCCESS","1.4290394547557457",2,"OMI_1d_max_resistance_bullish_avg_resistance_bullish.png","2024-02-22","STOCK","1d","Owens & Minor Inc"
"STAA","SUCCESS","1.4171712519026431",1,"STAA_1d_avg_resistance_bullish.png","2024-02-22","STOCK","1d","STAAR Surgical Co"
"OSW","SUCCESS","1.408742811077137",1,"OSW_1d_latest_max_resistance_bullish.png","2024-02-22","STOCK","1d","Onespaworld Holdings Ltd"
"GBX","SUCCESS","1.3807421254575072",2,"GBX_1d_max_resistance_bullish_avg_resistance_bullish.png","2024-02-22","STOCK","1d","Greenbrier Companies Inc"
"ALGT","SUCCESS","1.3791684047582269",1,"ALGT_1d_avg_resistance_bullish.png","2024-02-22","STOCK","1d","Allegiant Travel Co"
"HWKN","SUCCESS","1.3669986645629335",1,"HWKN_1d_max_resistance_bullish.png","2024-02-22","STOCK","1d","Hawkins Inc"
"JAGG","SUCCESS","1.362896256",2,"JAGG_1d_min_support_bearish_latest_min_support_bearish.png","2024-02-22","ETF","1d","JPMorgan BetaBuilders U.S. Aggregate Bond ETF"
"DH","SUCCESS","1.3524841982181819",1,"DH_1d_avg_resistance_bullish.png","2024-02-22","STOCK","1d","Definitive Healthcare Corp"
"OEC","SUCCESS","1.3390782794817233",1,"OEC_1d_latest_max_resistance_bullish.png","2024-02-22","STOCK","1d","Orion SA"
"KNSA","SUCCESS","1.3279881385756926",2,"KNSA_1d_max_resistance_bullish_latest_max_resistance_bullish.png","2024-02-22","STOCK","1d","Kiniksa Pharmaceuticals Ltd"
"CTS","SUCCESS","1.3089488166624006",2,"CTS_1d_latest_max_resistance_bullish_avg_resistance_bullish.png","2024-02-22","STOCK","1d","CTS Corp"
"INDI","SUCCESS","1.2801190121021897",1,"INDI_1d_avg_resistance_bullish.png","2024-02-22","STOCK","1d","indie Semiconductor Inc"
"AGIO","SUCCESS","1.2145176045000003",2,"AGIO_1d_latest_max_resistance_bullish_avg_resistance_bullish.png","2024-02-22","STOCK","1d","Agios Pharmaceuticals Inc"
"CHEF","SUCCESS","1.2046330470393127",1,"CHEF_1d_latest_max_resistance_bullish.png","2024-02-22","STOCK","1d","Chefs' Warehouse Inc"
"SKWD","SUCCESS","1.194000660162997",1,"SKWD_1d_latest_max_resistance_bullish.png","2024-02-22","STOCK","1d","Skyward Specialty Insurance Group Inc"
"TGI","SUCCESS","1.191267015389653",1,"TGI_1d_latest_min_support_bearish.png","2024-02-22","STOCK","1d","Triumph Group Inc"
"UUUU","SUCCESS","1.1852017385714286",2,"UUUU_1d_min_support_bearish_latest_min_support_bearish.png","2024-02-22","STOCK","1d","Energy Fuels Inc"
"NEXT","SUCCESS","1.1751603235838926",1,"NEXT_1d_avg_resistance_bullish.png","2024-02-22","STOCK","1d","NextDecade Corp"
"CARS","SUCCESS","1.1729229143427256",1,"CARS_1d_max_resistance_bullish.png","2024-02-22","STOCK","1d","Cars.com Inc"
"TRUP","SUCCESS","1.1395843539580883",2,"TRUP_1d_max_resistance_bullish_latest_max_resistance_bullish.png","2024-02-22","STOCK","1d","Trupanion Inc"
"GOGO","SUCCESS","1.1325155954729118",1,"GOGO_1d_avg_resistance_bullish.png","2024-02-22","STOCK","1d","Gogo Inc"
"VERV","SUCCESS","1.122466131",1,"VERV_1d_latest_max_resistance_bullish.png","2024-02-22","STOCK","1d","Verve Therapeutics Inc"
"SAVA","SUCCESS","1.1146323061751544",1,"SAVA_1d_avg_resistance_bullish.png","2024-02-22","STOCK","1d","Cassava Sciences Inc"
"RSI","SUCCESS","1.1135468500493826",1,"RSI_1d_max_resistance_bullish.png","2024-02-22","STOCK","1d","Rush Street Interactive Inc"
"SPHR","SUCCESS","1.1122967086638404",1,"SPHR_1d_avg_resistance_bullish.png","2024-02-22","STOCK","1d","Sphere Entertainment Co"
"WT","SUCCESS","1.1109783248145604",2,"WT_1d_max_resistance_bullish_latest_max_resistance_bullish.png","2024-02-22","STOCK","1d","Wisdomtree Inc"
"RPT","SUCCESS","1.099695108",1,"RPT_1d_latest_min_support_bearish.png","2024-02-22","STOCK","1d","RPT Realty"
"BKD","SUCCESS","1.0898987767444852",2,"BKD_1d_latest_max_resistance_bullish_avg_resistance_bullish.png","2024-02-22","STOCK","1d","Brookdale Senior Living Inc"
"ICHR","SUCCESS","1.057974694929074",1,"ICHR_1d_max_resistance_bullish.png","2024-02-22","STOCK","1d","Ichor Holdings Ltd"
"CAL","SUCCESS","1.0490900361237672",3,"CAL_1d_max_resistance_bullish_latest_max_resistance_bullish_avg_resistance_bullish.png","2024-02-22","STOCK","1d","Caleres Inc"
"RVLV","SUCCESS","1.0419013216885813",1,"RVLV_1d_latest_max_resistance_bullish.png","2024-02-22","STOCK","1d","Revolve Group Inc"
"GERN","SUCCESS","1.0263908906329786",1,"GERN_1d_avg_resistance_bullish.png","2024-02-22","STOCK","1d","Geron Corp"
"SP","SUCCESS","1.016870781562646",1,"SP_1d_min_support_bearish.png","2024-02-22","STOCK","1d","SP Plus Corp"
"PWP","SUCCESS","0.986358870961853",1,"PWP_1d_avg_resistance_bullish.png","2024-02-22","STOCK","1d","Perella Weinberg Partners"
"HAIN","SUCCESS","0.9823137267403064",1,"HAIN_1d_min_support_bearish.png","2024-02-22","STOCK","1d","Hain Celestial Group Inc"
"UNG","SUCCESS","0.977901696",1,"UNG_1d_latest_min_support_bearish.png","2024-02-22","ETF","1d","United States Natural Gas Fund, LP"
"LQDA","SUCCESS","0.9772181207038982",1,"LQDA_1d_latest_max_resistance_bullish.png","2024-02-22","STOCK","1d","Liquidia Corp"
"EMBC","SUCCESS","0.9747284496527615",1,"EMBC_1d_latest_min_support_bearish.png","2024-02-22","STOCK","1d","Embecta Corp"
"DCOM","SUCCESS","0.9542174766089849",1,"DCOM_1d_avg_support_bearish.png","2024-02-22","STOCK","1d","Dime Community Bancshares Inc"
"AHCO","SUCCESS","0.9369970181061946",1,"AHCO_1d_avg_resistance_bullish.png","2024-02-22","STOCK","1d","Adapthealth Corp"
"VSEC","SUCCESS","0.9215313567058824",1,"VSEC_1d_avg_resistance_bullish.png","2024-02-22","STOCK","1d","VSE Corp"
"AMSF","SUCCESS","0.9168874952517986",1,"AMSF_1d_latest_max_resistance_bullish.png","2024-02-22","STOCK","1d","Amerisafe Inc"
"ACCD","SUCCESS","0.9155486649875486",1,"ACCD_1d_max_resistance_bullish.png","2024-02-22","STOCK","1d","Accolade Inc"
"ASPN","SUCCESS","0.9135207898970589",1,"ASPN_1d_latest_max_resistance_bullish.png","2024-02-22","STOCK","1d","Aspen Aerogels Inc"
"ARKO","SUCCESS","0.906439451",1,"ARKO_1d_avg_resistance_bullish.png","2024-02-22","STOCK","1d","Arko Corp."
"LPRO","SUCCESS","0.8981530020491802",2,"LPRO_1d_max_resistance_bullish_latest_max_resistance_bullish.png","2024-02-22","STOCK","1d","Open Lending Corp"
"EVRI","SUCCESS","0.895881864595463",2,"EVRI_1d_max_resistance_bullish_avg_resistance_bullish.png","2024-02-22","STOCK","1d","Everi Holdings Inc"
"AMC","SUCCESS","0.8945895294108352",2,"AMC_1d_max_resistance_bullish_latest_max_resistance_bullish.png","2024-02-22","STOCK","1d","AMC Entertainment Holdings Inc"
"CCO","SUCCESS","0.8790778824680853",1,"CCO_1d_avg_resistance_bullish.png","2024-02-22","STOCK","1d","Clear Channel Outdoor Holdings Inc"
"AMPS","SUCCESS","0.8728549036348315",2,"AMPS_1d_latest_max_resistance_bullish_avg_resistance_bullish.png","2024-02-22","STOCK","1d","Altus Power Inc"
"KREF","SUCCESS","0.859491813",1,"KREF_1d_avg_support_bearish.png","2024-02-22","STOCK","1d","KKR Real Estate Finance Trust Inc"
"GRC","SUCCESS","0.8526146255716465",1,"GRC_1d_max_resistance_bullish.png","2024-02-22","STOCK","1d","Gorman-Rupp Co"
"ARCT","SUCCESS","0.8425866722666061",1,"ARCT_1d_max_resistance_bullish.png","2024-02-22","STOCK","1d","Arcturus Therapeutics Holdings Inc"
"IDT","SUCCESS","0.8315481379524516",1,"IDT_1d_latest_min_support_bearish.png","2024-02-22","STOCK","1d","IDT Corp"
"MKTW","SUCCESS","0.7859753817857142",1,"MKTW_1d_avg_support_bearish.png","2024-02-22","STOCK","1d","MarketWise Inc"
"AOSL","SUCCESS","0.7651856983980904",1,"AOSL_1d_avg_support_bearish.png","2024-02-22","STOCK","1d","Alpha and Omega Semiconductor Ltd"
"UTI","SUCCESS","0.7495616238021584",1,"UTI_1d_latest_max_resistance_bullish.png","2024-02-22","STOCK","1d","Universal Technical Institute Inc"
"RPAY","SUCCESS","0.7388238720336605",3,"RPAY_1d_max_resistance_bullish_latest_max_resistance_bullish_avg_resistance_bullish.png","2024-02-22","STOCK","1d","Repay Holdings Corp"
"BOIL","SUCCESS","0.725601984",1,"BOIL_1d_latest_min_support_bearish.png","2024-02-22","ETF","1d","ProShares Ultra Bloomberg Natural Gas"
"NBR","SUCCESS","0.7213357113426498",1,"NBR_1d_max_resistance_bullish.png","2024-02-22","STOCK","1d","Nabors Industries Ltd"
"TIPT","SUCCESS","0.7195605489250124",1,"TIPT_1d_avg_support_bearish.png","2024-02-22","STOCK","1d","Tiptree Inc"
"DCO","SUCCESS","0.7179958921134082",1,"DCO_1d_avg_resistance_bullish.png","2024-02-22","STOCK","1d","Ducommun Inc"
"HCSG","SUCCESS","0.707473429855967",1,"HCSG_1d_avg_resistance_bullish.png","2024-02-22","STOCK","1d","Healthcare Services Group Inc"
"IIIV","SUCCESS","0.7063558958590824",1,"IIIV_1d_latest_max_resistance_bullish.png","2024-02-22","STOCK","1d","I3 Verticals Inc"
"MAX","SUCCESS","0.7062166894200914",2,"MAX_1d_max_resistance_bullish_latest_max_resistance_bullish.png","2024-02-22","STOCK","1d","Mediaalpha Inc"
"CHCT","SUCCESS","0.705876497",3,"CHCT_1d_max_resistance_bullish_latest_max_resistance_bullish_avg_resistance_bullish.png","2024-02-22","STOCK","1d","Community Healthcare Trust Inc"
"MPLN","SUCCESS","0.7014451901284404",1,"MPLN_1d_max_resistance_bullish.png","2024-02-22","STOCK","1d","Multiplan Corp"
"SCVL","SUCCESS","0.6956532990317273",1,"SCVL_1d_avg_resistance_bullish.png","2024-02-22","STOCK","1d","Shoe Carnival Inc"
"WOOF","SUCCESS","0.6846465025471699",1,"WOOF_1d_max_resistance_bullish.png","2024-02-22","STOCK","1d","Petco Health and Wellness Company Inc"
"CIFR","SUCCESS","0.6824890435437263",2,"CIFR_1d_max_resistance_bullish_latest_max_resistance_bullish.png","2024-02-22","STOCK","1d","Cipher Mining Inc"
"SNCY","SUCCESS","0.6810038507111826",1,"SNCY_1d_avg_resistance_bullish.png","2024-02-22","STOCK","1d","Sun Country Airlines Holdings Inc"
"OSBC","SUCCESS","0.6785144094922766",1,"OSBC_1d_latest_max_resistance_bullish.png","2024-02-22","STOCK","1d","Old Second Bancorp Inc"
"QNST","SUCCESS","0.6440327292003298",1,"QNST_1d_max_resistance_bullish.png","2024-02-22","STOCK","1d","Quinstreet Inc"
"SSP","SUCCESS","0.6388840387707182",1,"SSP_1d_min_support_bearish.png","2024-02-22","STOCK","1d","E W Scripps Co"
"IGMS","SUCCESS","0.6143054486486487",2,"IGMS_1d_max_resistance_bullish_latest_max_resistance_bullish.png","2024-02-22","STOCK","1d","IGM Biosciences Inc"
"CVLG","SUCCESS","0.6087554857823392",1,"CVLG_1d_avg_resistance_bullish.png","2024-02-22","STOCK","1d","Covenant Logistics Group Inc"
"RGNX","SUCCESS","0.6031300860239652",1,"RGNX_1d_max_resistance_bullish.png","2024-02-22","STOCK","1d","Regenxbio Inc"
"ATRO","SUCCESS","0.5724529855489361",3,"ATRO_1d_max_resistance_bullish_latest_max_resistance_bullish_avg_resistance_bullish.png","2024-02-22","STOCK","1d","Astronics Corp"
"MODV","SUCCESS","0.5627845858181819",1,"MODV_1d_latest_max_resistance_bullish.png","2024-02-22","STOCK","1d","ModivCare Inc"
"ANTX","SUCCESS","0.5531908973803528",3,"ANTX_1d_avg_support_bearish_min_support_bearish_latest_min_support_bearish.png","2024-02-22","STOCK","1d","AN2 Therapeutics Inc"
"HDSN","SUCCESS","0.5460285627339301",1,"HDSN_1d_latest_max_resistance_bullish.png","2024-02-22","STOCK","1d","Hudson Technologies Inc"
"APPS","SUCCESS","0.5419957261235956",1,"APPS_1d_avg_support_bearish.png","2024-02-22","STOCK","1d","Digital Turbine Inc"
"NRDY","SUCCESS","0.537176857009554",1,"NRDY_1d_latest_max_resistance_bullish.png","2024-02-22","STOCK","1d","Nerdy Inc"
"FCEL","SUCCESS","0.526351992127193",1,"FCEL_1d_max_resistance_bullish.png","2024-02-22","STOCK","1d","Fuelcell Energy Inc"
"LQDT","SUCCESS","0.5203936795526628",1,"LQDT_1d_min_support_bearish.png","2024-02-22","STOCK","1d","Liquidity Services Inc"
"GPRO","SUCCESS","0.4841439234902597",1,"GPRO_1d_avg_support_bearish.png","2024-02-22","STOCK","1d","GoPro Inc"
"GLDD","SUCCESS","0.48360637680337076",2,"GLDD_1d_max_resistance_bullish_latest_max_resistance_bullish.png","2024-02-22","STOCK","1d","Great Lakes Dredge & Dock Corp"
"GCBC","SUCCESS","0.4820295192843211",2,"GCBC_1d_max_resistance_bullish_avg_resistance_bullish.png","2024-02-22","STOCK","1d","Greene County Bancorp Inc"
"CEVA","SUCCESS","0.4818247470816831",1,"CEVA_1d_avg_resistance_bullish.png","2024-02-22","STOCK","1d","CEVA Inc"
"CTLP","SUCCESS","0.4792732783250774",1,"CTLP_1d_min_support_bearish.png","2024-02-22","STOCK","1d","Cantaloupe Inc"
"FORR","SUCCESS","0.47885870199678465",1,"FORR_1d_avg_support_bearish.png","2024-02-22","STOCK","1d","Forrester Research Inc"
"TRTX","SUCCESS","0.475736887",1,"TRTX_1d_avg_support_bearish.png","2024-02-22","STOCK","1d","TPG RE Finance Trust Inc"
"KRT","SUCCESS","0.4733562244930527",1,"KRT_1d_max_resistance_bullish.png","2024-02-22","STOCK","1d","Karat Packaging Inc"
"BYND","SUCCESS","0.47243944446008124",1,"BYND_1d_avg_resistance_bullish.png","2024-02-22","STOCK","1d","Beyond Meat Inc"
"FFIC","SUCCESS","0.45842734994851997",2,"FFIC_1d_avg_support_bearish_min_support_bearish.png","2024-02-22","STOCK","1d","Flushing Financial Corp"
"PAHC","SUCCESS","0.44837493798058253",1,"PAHC_1d_avg_resistance_bullish.png","2024-02-22","STOCK","1d","Phibro Animal Health Corp"
"REPX","SUCCESS","0.44774226566457404",1,"REPX_1d_max_resistance_bullish.png","2024-02-22","STOCK","1d","Riley Exploration Permian Inc"
"KRBN","SUCCESS","0.43864208",1,"KRBN_1d_latest_min_support_bearish.png","2024-02-22","ETF","1d","KraneShares Global Carbon ETF"
"NETI","SUCCESS","0.437871643",1,"NETI_1d_avg_resistance_bullish.png","2024-02-22","STOCK","1d","Eneti Inc"
"ABUS","SUCCESS","0.39576078186206903",1,"ABUS_1d_latest_max_resistance_bullish.png","2024-02-22","STOCK","1d","Arbutus Biopharma Corp"
"MPX","SUCCESS","0.3929206947179487",1,"MPX_1d_max_resistance_bullish.png","2024-02-22","STOCK","1d","Marine Products Corp"
"EAF","SUCCESS","0.38521184290540544",1,"EAF_1d_latest_max_resistance_bullish.png","2024-02-22","STOCK","1d","GrafTech International Ltd"
"SENEA","SUCCESS","0.3830517072094087",1,"SENEA_1d_avg_support_bearish.png","2024-02-22","STOCK","1d","Seneca Foods Corp"
"QRTEA","SUCCESS","0.3758686377475692",1,"QRTEA_1d_latest_max_resistance_bullish.png","2024-02-22","STOCK","1d","Qurate Retail Inc"
"EVER","SUCCESS","0.3701573183690037",2,"EVER_1d_max_resistance_bullish_latest_max_resistance_bullish.png","2024-02-22","STOCK","1d","EverQuote Inc"
"TREE","SUCCESS","0.35965705361441164",1,"TREE_1d_latest_max_resistance_bullish.png","2024-02-22","STOCK","1d","Lendingtree Inc"
"MCFT","SUCCESS","0.3575472074453125",1,"MCFT_1d_avg_resistance_bullish.png","2024-02-22","STOCK","1d","Mastercraft Boat Holdings Inc"
"AVNW","SUCCESS","0.35500021450885666",3,"AVNW_1d_max_resistance_bullish_latest_max_resistance_bullish_avg_resistance_bullish.png","2024-02-22","STOCK","1d","Aviat Networks Inc"
"CSV","SUCCESS","0.3507159584189656",1,"CSV_1d_avg_resistance_bullish.png","2024-02-22","STOCK","1d","Carriage Services Inc"
"ALTG","SUCCESS","0.3498992850326493",1,"ALTG_1d_avg_resistance_bullish.png","2024-02-22","STOCK","1d","Alta Equipment Group Inc"
"JRVR","SUCCESS","0.3233238722061978",1,"JRVR_1d_latest_max_resistance_bullish.png","2024-02-22","STOCK","1d","James River Group Holdings Ltd"
"SKIN","SUCCESS","0.3189784490585774",2,"SKIN_1d_max_resistance_bullish_latest_max_resistance_bullish.png","2024-02-22","STOCK","1d","Beauty Health Co"
"AMWL","SUCCESS","0.3134504738411215",1,"AMWL_1d_avg_resistance_bullish.png","2024-02-22","STOCK","1d","American Well Corp"
"TGAN","SUCCESS","0.3055263070740741",1,"TGAN_1d_latest_min_support_bearish.png","2024-02-22","STOCK","1d","Transphorm Technology Inc"
"MVST","SUCCESS","0.2976376998176227",1,"MVST_1d_max_resistance_bullish.png","2024-02-22","STOCK","1d","Microvast Holdings Inc"
"GWRS","SUCCESS","0.29344224330615637",1,"GWRS_1d_avg_resistance_bullish.png","2024-02-22","STOCK","1d","Global Water Resources Inc"
"HFFG","SUCCESS","0.2815976152529183",2,"HFFG_1d_min_support_bearish_hns_line_1_hns.png","2024-02-22","STOCK","1d","Hf Foods Group Inc"
"FSR","SUCCESS","0.2766584555812577",1,"FSR_1d_latest_max_resistance_bullish.png","2024-02-22","STOCK","1d","Fisker Inc"
"SENS","SUCCESS","0.2752346075360646",3,"SENS_1d_max_resistance_bullish_latest_max_resistance_bullish_avg_resistance_bullish.png","2024-02-22","STOCK","1d","Senseonics Holdings Inc"
"PLCE","SUCCESS","0.2737525153973215",2,"PLCE_1d_avg_support_bearish_min_support_bearish.png","2024-02-22","STOCK","1d","Children's Place Inc"
"SWIM","SUCCESS","0.27082403078733025",1,"SWIM_1d_avg_resistance_bullish.png","2024-02-22","STOCK","1d","Latham Group Inc"
"KCCA","SUCCESS","0.268729952",2,"KCCA_1d_avg_support_bearish_min_support_bearish.png","2024-02-22","ETF","1d","KraneShares California Carbon Allowance ETF"
"FSP","SUCCESS","0.258575878",1,"FSP_1d_avg_support_bearish.png","2024-02-22","STOCK","1d","Franklin Street Properties Corp"
"PCB","SUCCESS","0.25424403240295956",1,"PCB_1d_avg_support_bearish.png","2024-02-22","STOCK","1d","PCB Bancorp"
"RM","SUCCESS","0.24950735380000003",1,"RM_1d_avg_support_bearish.png","2024-02-22","STOCK","1d","Regional Management Corp"
"POWW","SUCCESS","0.2452137279059406",1,"POWW_1d_max_resistance_bullish.png","2024-02-22","STOCK","1d","Ammo Inc"
"AEVA","SUCCESS","0.24232590473239438",1,"AEVA_1d_max_resistance_bullish.png","2024-02-22","STOCK","1d","Aeva Technologies Inc"
"EGAN","SUCCESS","0.2392874072965879",2,"EGAN_1d_avg_support_bearish_min_support_bearish.png","2024-02-22","STOCK","1d","eGain Corp"
"ANGO","SUCCESS","0.23315286891267123",1,"ANGO_1d_avg_resistance_bullish.png","2024-02-22","STOCK","1d","AngioDynamics Inc"
"INSE","SUCCESS","0.23228869157933574",1,"INSE_1d_avg_resistance_bullish.png","2024-02-22","STOCK","1d","Inspired Entertainment Inc"
"PKBK","SUCCESS","0.22065500049696968",1,"PKBK_1d_min_support_bearish.png","2024-02-22","STOCK","1d","Parke Bancorp Inc"
"AGEN","SUCCESS","0.22050437776357823",3,"AGEN_1d_max_resistance_bullish_latest_max_resistance_bullish_avg_resistance_bullish.png","2024-02-22","STOCK","1d","Agenus Inc"
"PRCH","SUCCESS","0.21851290725333333",1,"PRCH_1d_latest_max_resistance_bullish.png","2024-02-22","STOCK","1d","Porch Group Inc"
"VNDA","SUCCESS","0.2105671289268293",1,"VNDA_1d_avg_resistance_bullish.png","2024-02-22","STOCK","1d","Vanda Pharmaceuticals Inc"
"HIPO","SUCCESS","0.20136942673143562",1,"HIPO_1d_max_resistance_bullish.png","2024-02-22","STOCK","1d","Hippo Holdings Inc"
"OB","SUCCESS","0.20012010529722923",1,"OB_1d_max_resistance_bullish.png","2024-02-22","STOCK","1d","Outbrain Inc"
"DOUG","SUCCESS","0.1978173158160377",1,"DOUG_1d_min_support_bearish.png","2024-02-22","STOCK","1d","Douglas Elliman Inc"
"GOSS","SUCCESS","0.19610610879613657",2,"GOSS_1d_max_resistance_bullish_latest_max_resistance_bullish.png","2024-02-22","STOCK","1d","Gossamer Bio Inc"
"UGL","SUCCESS","0.191490832",1,"UGL_1d_latest_min_support_bearish.png","2024-02-22","ETF","1d","ProShares Ultra Gold"
"SCO","SUCCESS","0.188949968",1,"SCO_1d_latest_min_support_bearish.png","2024-02-22","ETF","1d","ProShares UltraShort Bloomberg Crude Oil"
"HEAR","SUCCESS","0.18709315906673116",2,"HEAR_1d_max_resistance_bullish_avg_resistance_bullish.png","2024-02-22","STOCK","1d","Turtle Beach Corp"
"WEAT","SUCCESS","0.184176672",1,"WEAT_1d_latest_min_support_bearish.png","2024-02-22","ETF","1d","Teucrium Wheat Fund"
"INO","SUCCESS","0.18412936801944443",2,"INO_1d_latest_max_resistance_bullish_avg_resistance_bullish.png","2024-02-22","STOCK","1d","Inovio Pharmaceuticals Inc"
"BIG","SUCCESS","0.17909748865151515",2,"BIG_1d_avg_support_bearish_latest_min_support_bearish.png","2024-02-22","STOCK","1d","Big Lots Inc"
"OPI","SUCCESS","0.176983872",1,"OPI_1d_avg_resistance_bullish.png","2024-02-22","STOCK","1d","Office Properties Income Trust"
"SLQT","SUCCESS","0.1761197427669903",3,"SLQT_1d_max_resistance_bullish_latest_max_resistance_bullish_avg_resistance_bullish.png","2024-02-22","STOCK","1d","SelectQuote Inc"
"BLNK","SUCCESS","0.16851993638392854",2,"BLNK_1d_max_resistance_bullish_latest_max_resistance_bullish.png","2024-02-22","STOCK","1d","Blink Charging Co"
"FHTX","SUCCESS","0.16211375268571426",2,"FHTX_1d_max_resistance_bullish_avg_resistance_bullish.png","2024-02-22","STOCK","1d","Foghorn Therapeutics Inc."
"BARK","SUCCESS","0.1618906132079816",2,"BARK_1d_latest_max_resistance_bullish_avg_resistance_bullish.png","2024-02-22","STOCK","1d","Bark Inc"
"MCRB","SUCCESS","0.15898636099999996",1,"MCRB_1d_max_resistance_bullish.png","2024-02-22","STOCK","1d","Seres Therapeutics Inc"
"ALTO","SUCCESS","0.15760978680882354",1,"ALTO_1d_latest_max_resistance_bullish.png","2024-02-22","STOCK","1d","Alto Ingredients Inc"
"SPWH","SUCCESS","0.143288712",1,"SPWH_1d_avg_resistance_bullish.png","2024-02-22","STOCK","1d","Sportsmans Warehouse Holdings Inc"
"KOLD","SUCCESS","0.131373696",1,"KOLD_1d_latest_max_resistance_bullish.png","2024-02-22","ETF","1d","ProShares UltraShort Bloomberg Natural Gas"
"OCGN","SUCCESS","0.13132925373596593",1,"OCGN_1d_latest_max_resistance_bullish.png","2024-02-22","STOCK","1d","Ocugen Inc"
"VTYX","SUCCESS","0.11632477670000001",1,"VTYX_1d_avg_resistance_bullish.png","2024-02-22","STOCK","1d","Ventyx Biosciences Inc"
"TPIC","SUCCESS","0.11323946884444445",1,"TPIC_1d_max_resistance_bullish.png","2024-02-22","STOCK","1d","TPI Composites Inc"
"BGFV","SUCCESS","0.10661100612798265",1,"BGFV_1d_latest_max_resistance_bullish.png","2024-02-22","STOCK","1d","Big 5 Sporting Goods Corp"
"VUZI","SUCCESS","0.10512383352795031",1,"VUZI_1d_max_resistance_bullish.png","2024-02-22","STOCK","1d","Vuzix Corp"
"OTLK","SUCCESS","0.10254145661588938",1,"OTLK_1d_avg_resistance_bullish.png","2024-02-22","STOCK","1d","Outlook Therapeutics Inc"
"NKTR","SUCCESS","0.10202410229454546",1,"NKTR_1d_avg_support_bearish.png","2024-02-22","STOCK","1d","Nektar Therapeutics"
"AFMD","SUCCESS","0.0882744713112879",1,"AFMD_1d_latest_min_support_bearish.png","2024-02-22","STOCK","1d","Affimed NV"
"CMRX","SUCCESS","0.08218000444909268",3,"CMRX_1d_max_resistance_bullish_latest_max_resistance_bullish_avg_resistance_bullish.png","2024-02-22","STOCK","1d","Chimerix Inc"
"TCS","SUCCESS","0.07965208335897436",1,"TCS_1d_avg_support_bearish.png","2024-02-22","STOCK","1d","Container Store Group Inc"
"ALVR","SUCCESS","0.07622703913043481",1,"ALVR_1d_max_resistance_bullish.png","2024-02-22","STOCK","1d","Allovir Inc"
"DNMR","SUCCESS","0.07301643431578948",2,"DNMR_1d_max_resistance_bullish_avg_resistance_bullish.png","2024-02-22","STOCK","1d","Danimer Scientific Inc"
"FTCI","SUCCESS","0.06575306274438374",1,"FTCI_1d_avg_resistance_bullish.png","2024-02-22","STOCK","1d","FTC Solar Inc"
"VERI","SUCCESS","0.06274919197575758",2,"VERI_1d_max_resistance_bullish_latest_max_resistance_bullish.png","2024-02-22","STOCK","1d","Veritone Inc"
"GLT","SUCCESS","0.06131820881751825",3,"GLT_1d_max_resistance_bullish_latest_max_resistance_bullish_avg_resistance_bullish.png","2024-02-22","STOCK","1d","Glatfelter Corp"
"KZR","SUCCESS","0.060424000988095236",2,"KZR_1d_min_support_bearish_latest_min_support_bearish.png","2024-02-22","STOCK","1d","Kezar Life Sciences Inc"
"VLD","SUCCESS","0.05538151128975883",1,"VLD_1d_max_resistance_bullish.png","2024-02-22","STOCK","1d","Velo3D Inc"
"IAUF","SUCCESS","0.048894632",1,"IAUF_1d_latest_min_support_bearish.png","2024-02-22","ETF","1d","iShares Gold Strategy ETF"
"XOS","SUCCESS","0.04741103657142857",1,"XOS_1d_max_resistance_bullish.png","2024-02-22","STOCK","1d","Xos Inc"
"RENT","SUCCESS","0.04725868799999999",1,"RENT_1d_latest_min_support_bearish.png","2024-02-22","STOCK","1d","Rent the Runway Inc"
"BHIL","SUCCESS","0.03500767789473684",1,"BHIL_1d_latest_max_resistance_bullish.png","2024-02-22","STOCK","1d","Benson Hill Inc"
"CENN","SUCCESS","0.03288049926923078",2,"CENN_1d_max_resistance_bullish_latest_max_resistance_bullish.png","2024-02-22","STOCK","1d","Cenntro Electric Group Ltd"
"SOND","SUCCESS","0.02821508223735409",1,"SOND_1d_avg_resistance_bullish.png","2024-02-22","STOCK","1d","Sonder Holdings Inc"
"RENW","SUCCESS","0.021468628",1,"RENW_1d_latest_min_support_bearish.png","2024-02-22","ETF","1d","Harbor Energy Transition Strategy ETF"
"NSTG","SUCCESS","0.02117205359942979",1,"NSTG_1d_max_resistance_bullish.png","2024-02-22","STOCK","1d","NanoString Technologies Inc"
"KEUA","SUCCESS","0.01869284",1,"KEUA_1d_latest_min_support_bearish.png","2024-02-22","ETF","1d","KraneShares European Carbon Allowance Strategy ETF"
"TAGS","SUCCESS","0.018409124",1,"TAGS_1d_latest_min_support_bearish.png","2024-02-22","ETF","1d","Teucrium Agricultural Fund"
"CISO","SUCCESS","0.0180176487854251",2,"CISO_1d_max_resistance_bullish_latest_max_resistance_bullish.png","2024-02-22","STOCK","1d","CISO Global Inc"
"UNL","SUCCESS","0.016295007",1,"UNL_1d_latest_min_support_bearish.png","2024-02-22","ETF","1d","United States 12 Month Natural Gas Fund, LP"
"EVMT","SUCCESS","0.009284307",1,"EVMT_1d_avg_resistance_bullish.png","2024-02-22","ETF","1d","Invesco Electric Vehicle Metals Commodity Strategy No K-1 ETF"
"AMPD","SUCCESS","0.004521522",1,"AMPD_1d_latest_min_support_bearish.png","2024-02-22","ETF","1d","CNIC ICE U.S. Carbon Neutral Power Futures Index ETF"
"GLDX","SUCCESS","0.00316942",1,"GLDX_1d_min_support_bearish.png","2024-02-22","ETF","1d","USCF Gold Strategy Plus Income Fund"
"TILL","SUCCESS","0.002777412",1,"TILL_1d_latest_min_support_bearish.png","2024-02-22","ETF","1d","Teucrium Agricultural Strategy No K-1 ETF"
"BWET","SUCCESS","0.002007098",2,"BWET_1d_latest_max_resistance_bullish_avg_resistance_bullish.png","2024-02-22","ETF","1d","Breakwave Tanker Shipping ETF"
